,id,prediction
0,666020888022790149,Dog
1,666029285002620928,Dog
2,666033412701032449,Dog
3,666044226329800704,Dog
4,666049248165822465,Dog
5,666050758794694657,Dog
6,666051853826850816,NotDog
7,666055525042405380,MaybeDog
8,666057090499244032,MaybeDog
9,666058600524156928,Dog
10,666063827256086533,Dog
11,666071193221509120,Dog
12,666073100786774016,Dog
13,666082916733198337,Dog
14,666094000022159362,Dog
15,666099513787052032,Dog
16,666102155909144576,Dog
17,666104133288665088,NotDog
18,666268910803644416,NotDog
19,666273097616637952,Dog
20,666287406224695296,Dog
21,666293911632134144,NotDog
22,666337882303524864,MaybeDog
23,666345417576210432,Dog
24,666353288456101888,Dog
25,666362758909284353,NotDog
26,666373753744588802,Dog
27,666396247373291520,Dog
28,666407126856765440,Dog
29,666411507551481857,NotDog
30,666418789513326592,Dog
31,666421158376562688,Dog
32,666428276349472768,Dog
33,666430724426358785,MaybeDog
34,666435652385423360,MaybeDog
35,666437273139982337,Dog
36,666447344410484738,Dog
37,666454714377183233,Dog
38,666644823164719104,Dog
39,666649482315059201,Dog
40,666691418707132416,Dog
41,666701168228331520,Dog
42,666739327293083650,Dog
43,666776908487630848,MaybeDog
44,666781792255496192,Dog
45,666786068205871104,NotDog
46,666804364988780544,Dog
47,666817836334096384,Dog
48,666826780179869698,MaybeDog
49,666835007768551424,MaybeDog
50,666837028449972224,NotDog
51,666983947667116034,NotDog
52,666996132027977728,MaybeDog
53,667012601033924608,NotDog
54,667044094246576128,MaybeDog
55,667062181243039745,Dog
56,667065535570550784,NotDog
57,667073648344346624,Dog
58,667090893657276420,Dog
59,667119796878725120,Dog
60,667138269671505920,Dog
61,667152164079423490,Dog
62,667160273090932737,Dog
63,667165590075940865,Dog
64,667171260800061440,Dog
65,667174963120574464,Dog
66,667176164155375616,Dog
67,667177989038297088,Dog
68,667182792070062081,Dog
69,667188689915760640,NotDog
70,667192066997374976,Dog
71,667200525029539841,Dog
72,667211855547486208,Dog
73,667369227918143488,NotDog
74,667393430834667520,Dog
75,667405339315146752,Dog
76,667435689202614272,Dog
77,667437278097252352,NotDog
78,667443425659232256,NotDog
79,667453023279554560,Dog
80,667455448082227200,Dog
81,667470559035432960,Dog
82,667491009379606528,MaybeDog
83,667495797102141441,MaybeDog
84,667502640335572993,Dog
85,667509364010450944,Dog
86,667517642048163840,Dog
87,667524857454854144,MaybeDog
88,667530908589760512,Dog
89,667534815156183040,Dog
90,667538891197542400,Dog
91,667544320556335104,Dog
92,667546741521195010,MaybeDog
93,667549055577362432,NotDog
94,667550882905632768,NotDog
95,667550904950915073,MaybeDog
96,667724302356258817,NotDog
97,667728196545200128,Dog
98,667766675769573376,NotDog
99,667773195014021121,MaybeDog
100,667782464991965184,NotDog
101,667793409583771648,Dog
102,667801013445750784,Dog
103,667806454573760512,MaybeDog
104,667832474953625600,MaybeDog
105,667861340749471744,Dog
106,667866724293877760,NotDog
107,667873844930215936,NotDog
108,667878741721415682,MaybeDog
109,667885044254572545,MaybeDog
110,667886921285246976,Dog
111,667902449697558528,Dog
112,667911425562669056,NotDog
113,667915453470232577,MaybeDog
114,667924896115245057,MaybeDog
115,667937095915278337,NotDog
116,668113020489474048,Dog
117,668142349051129856,NotDog
118,668154635664932864,NotDog
119,668171859951755264,MaybeDog
120,668190681446379520,Dog
121,668204964695683073,Dog
122,668221241640230912,Dog
123,668226093875376128,NotDog
124,668237644992782336,MaybeDog
125,668248472370458624,Dog
126,668256321989451776,MaybeDog
127,668268907921326080,Dog
128,668274247790391296,Dog
129,668286279830867968,Dog
130,668291999406125056,NotDog
131,668297328638447616,MaybeDog
132,668466899341221888,NotDog
133,668480044826800133,MaybeDog
134,668484198282485761,Dog
135,668496999348633600,Dog
136,668507509523615744,Dog
137,668528771708952576,Dog
138,668537837512433665,Dog
139,668542336805281792,Dog
140,668544745690562560,NotDog
141,668567822092664832,Dog
142,668614819948453888,NotDog
143,668620235289837568,NotDog
144,668623201287675904,MaybeDog
145,668625577880875008,MaybeDog
146,668627278264475648,Dog
147,668631377374486528,Dog
148,668633411083464705,Dog
149,668636665813057536,MaybeDog
150,668641109086707712,MaybeDog
151,668643542311546881,NotDog
152,668645506898350081,NotDog
153,668655139528511488,Dog
154,668779399630725120,MaybeDog
155,668815180734689280,Dog
156,668826086256599040,Dog
157,668852170888998912,Dog
158,668872652652679168,MaybeDog
159,668892474547511297,Dog
160,668902994700836864,Dog
161,668932921458302977,Dog
162,668955713004314625,Dog
163,668960084974809088,MaybeDog
164,668975677807423489,Dog
165,668979806671884288,Dog
166,668981893510119424,NotDog
167,668986018524233728,MaybeDog
168,668988183816871936,NotDog
169,668989615043424256,MaybeDog
170,668992363537309700,NotDog
171,668994913074286592,MaybeDog
172,669000397445533696,Dog
173,669006782128353280,MaybeDog
174,669015743032369152,NotDog
175,669037058363662336,Dog
176,669203728096960512,Dog
177,669214165781868544,NotDog
178,669216679721873412,Dog
179,669324657376567296,MaybeDog
180,669327207240699904,Dog
181,669328503091937280,Dog
182,669351434509529089,NotDog
183,669353438988365824,MaybeDog
184,669354382627049472,Dog
185,669359674819481600,Dog
186,669363888236994561,Dog
187,669367896104181761,Dog
188,669371483794317312,Dog
189,669375718304980992,Dog
190,669393256313184256,Dog
191,669564461267722241,Dog
192,669567591774625800,Dog
193,669571471778410496,NotDog
194,669573570759163904,Dog
195,669583744538451968,NotDog
196,669597912108789760,MaybeDog
197,669603084620980224,Dog
198,669625907762618368,MaybeDog
199,669661792646373376,NotDog
200,669680153564442624,Dog
201,669682095984410625,NotDog
202,669683899023405056,Dog
203,669749430875258880,NotDog
204,669753178989142016,MaybeDog
205,669923323644657664,NotDog
206,669926384437997569,Dog
207,669942763794931712,Dog
208,669970042633789440,Dog
209,669972011175813120,NotDog
210,669993076832759809,MaybeDog
211,670003130994700288,Dog
212,670037189829525505,NotDog
213,670040295598354432,MaybeDog
214,670046952931721218,Dog
215,670055038660800512,NotDog
216,670061506722140161,Dog
217,670069087419133954,NotDog
218,670073503555706880,Dog
219,670079681849372674,NotDog
220,670086499208155136,Dog
221,670093938074779648,Dog
222,670290420111441920,Dog
223,670303360680108032,MaybeDog
224,670319130621435904,Dog
225,670338931251150849,Dog
226,670361874861563904,NotDog
227,670374371102445568,Dog
228,670385711116361728,Dog
229,670403879788544000,Dog
230,670408998013820928,NotDog
231,670411370698022913,Dog
232,670417414769758208,NotDog
233,670420569653809152,NotDog
234,670421925039075328,MaybeDog
235,670427002554466305,MaybeDog
236,670428280563085312,Dog
237,670433248821026816,MaybeDog
238,670434127938719744,MaybeDog
239,670435821946826752,MaybeDog
240,670442337873600512,Dog
241,670444955656130560,Dog
242,670449342516494336,NotDog
243,670452855871037440,MaybeDog
244,670465786746662913,NotDog
245,670468609693655041,NotDog
246,670474236058800128,NotDog
247,670668383499735048,NotDog
248,670676092097810432,Dog
249,670679630144274432,Dog
250,670691627984359425,MaybeDog
251,670704688707301377,Dog
252,670717338665226240,Dog
253,670727704916926465,NotDog
254,670733412878163972,NotDog
255,670755717859713024,Dog
256,670764103623966721,MaybeDog
257,670778058496974848,Dog
258,670780561024270336,MaybeDog
259,670782429121134593,Dog
260,670783437142401025,NotDog
261,670786190031921152,MaybeDog
262,670789397210615808,Dog
263,670792680469889025,MaybeDog
264,670797304698376195,Dog
265,670803562457407488,Dog
266,670804601705242624,Dog
267,670807719151067136,Dog
268,670811965569282048,Dog
269,670815497391357952,Dog
270,670822709593571328,MaybeDog
271,670823764196741120,Dog
272,670826280409919488,NotDog
273,670832455012716544,MaybeDog
274,670833812859932673,MaybeDog
275,670838202509447168,NotDog
276,670840546554966016,MaybeDog
277,670842764863651840,NotDog
278,670995969505435648,Dog
279,671109016219725825,Dog
280,671115716440031232,MaybeDog
281,671122204919246848,MaybeDog
282,671134062904504320,Dog
283,671138694582165504,Dog
284,671141549288370177,MaybeDog
285,671147085991960577,Dog
286,671151324042559489,Dog
287,671154572044468225,Dog
288,671159727754231808,NotDog
289,671163268581498880,MaybeDog
290,671166507850801152,NotDog
291,671182547775299584,Dog
292,671186162933985280,Dog
293,671347597085433856,NotDog
294,671355857343524864,Dog
295,671357843010908160,Dog
296,671362598324076544,NotDog
297,671390180817915904,NotDog
298,671485057807351808,Dog
299,671486386088865792,MaybeDog
300,671488513339211776,NotDog
301,671497587707535361,NotDog
302,671504605491109889,MaybeDog
303,671511350426865664,NotDog
304,671518598289059840,Dog
305,671520732782923777,MaybeDog
306,671528761649688577,Dog
307,671533943490011136,NotDog
308,671536543010570240,Dog
309,671538301157904385,NotDog
310,671542985629241344,Dog
311,671544874165002241,NotDog
312,671547767500775424,NotDog
313,671561002136281088,Dog
314,671729906628341761,MaybeDog
315,671735591348891648,MaybeDog
316,671743150407421952,MaybeDog
317,671744970634719232,NotDog
318,671763349865160704,NotDog
319,671768281401958400,Dog
320,671789708968640512,MaybeDog
321,671855973984772097,NotDog
322,671866342182637568,Dog
323,671874878652489728,NotDog
324,671879137494245376,NotDog
325,671882082306625538,NotDog
326,671891728106971137,MaybeDog
327,671896809300709376,MaybeDog
328,672068090318987265,MaybeDog
329,672082170312290304,MaybeDog
330,672095186491711488,Dog
331,672125275208069120,MaybeDog
332,672139350159835138,MaybeDog
333,672160042234327040,Dog
334,672169685991993344,Dog
335,672205392827572224,MaybeDog
336,672222792075620352,Dog
337,672231046314901505,NotDog
338,672239279297454080,Dog
339,672245253877968896,MaybeDog
340,672248013293752320,Dog
341,672254177670729728,Dog
342,672256522047614977,NotDog
343,672264251789176834,MaybeDog
344,672267570918129665,Dog
345,672272411274932228,MaybeDog
346,672466075045466113,Dog
347,672475084225949696,NotDog
348,672481316919734272,Dog
349,672482722825261057,Dog
350,672488522314567680,Dog
351,672523490734551040,Dog
352,672538107540070400,MaybeDog
353,672591271085670400,NotDog
354,672591762242805761,Dog
355,672594978741354496,Dog
356,672604026190569472,MaybeDog
357,672609152938721280,NotDog
358,672614745925664768,NotDog
359,672622327801233409,Dog
360,672640509974827008,Dog
361,672828477930868736,NotDog
362,672834301050937345,MaybeDog
363,672877615439593473,Dog
364,672884426393653248,NotDog
365,672898206762672129,NotDog
366,672902681409806336,NotDog
367,672964561327235073,Dog
368,672968025906282496,Dog
369,672970152493887488,NotDog
370,672975131468300288,Dog
371,672980819271634944,MaybeDog
372,672984142909456390,NotDog
373,672988786805112832,Dog
374,672995267319328768,Dog
375,672997845381865473,MaybeDog
376,673148804208660480,NotDog
377,673213039743795200,Dog
378,673240798075449344,MaybeDog
379,673270968295534593,Dog
380,673295268553605120,Dog
381,673317986296586240,Dog
382,673320132811366400,Dog
383,673342308415348736,MaybeDog
384,673343217010679808,Dog
385,673345638550134785,MaybeDog
386,673350198937153538,MaybeDog
387,673352124999274496,Dog
388,673355879178194945,Dog
389,673359818736984064,Dog
390,673363615379013632,NotDog
391,673576835670777856,NotDog
392,673580926094458881,Dog
393,673583129559498752,MaybeDog
394,673612854080196609,MaybeDog
395,673636718965334016,MaybeDog
396,673656262056419329,Dog
397,673662677122719744,Dog
398,673680198160809984,MaybeDog
399,673686845050527744,MaybeDog
400,673688752737402881,Dog
401,673689733134946305,MaybeDog
402,673697980713705472,NotDog
403,673700254269775872,NotDog
404,673705679337693185,Dog
405,673707060090052608,Dog
406,673708611235921920,Dog
407,673709992831262724,MaybeDog
408,673711475735838725,Dog
409,673715861853720576,NotDog
410,673887867907739649,Dog
411,673906403526995968,MaybeDog
412,673919437611909120,MaybeDog
413,673956914389192708,Dog
414,674008982932058114,NotDog
415,674014384960745472,Dog
416,674019345211760640,Dog
417,674024893172875264,MaybeDog
418,674036086168010753,Dog
419,674038233588723717,Dog
420,674042553264685056,Dog
421,674045139690631169,NotDog
422,674051556661161984,MaybeDog
423,674053186244734976,Dog
424,674063288070742018,NotDog
425,674075285688614912,Dog
426,674082852460433408,MaybeDog
427,674255168825880576,Dog
428,674262580978937856,Dog
429,674265582246694913,NotDog
430,674269164442398721,Dog
431,674271431610523648,Dog
432,674291837063053312,Dog
433,674318007229923329,NotDog
434,674372068062928900,NotDog
435,674394782723014656,MaybeDog
436,674410619106390016,MaybeDog
437,674416750885273600,Dog
438,674422304705744896,MaybeDog
439,674436901579923456,MaybeDog
440,674447403907457024,Dog
441,674468880899788800,Dog
442,674632714662858753,NotDog
443,674638615994089473,Dog
444,674644256330530816,MaybeDog
445,674646392044941312,Dog
446,674664755118911488,NotDog
447,674670581682434048,Dog
448,674690135443775488,NotDog
449,674737130913071104,Dog
450,674739953134403584,MaybeDog
451,674743008475090944,Dog
452,674752233200820224,Dog
453,674754018082705410,NotDog
454,674764817387900928,MaybeDog
455,674767892831932416,NotDog
456,674774481756377088,MaybeDog
457,674781762103414784,NotDog
458,674788554665512960,Dog
459,674790488185167872,Dog
460,674793399141146624,Dog
461,674800520222154752,MaybeDog
462,674805413498527744,Dog
463,674999807681908736,Dog
464,675003128568291329,Dog
465,675006312288268288,MaybeDog
466,675015141583413248,MaybeDog
467,675047298674663426,Dog
468,675109292475830276,Dog
469,675111688094527488,Dog
470,675113801096802304,NotDog
471,675135153782571009,NotDog
472,675145476954566656,Dog
473,675146535592706048,MaybeDog
474,675147105808306176,Dog
475,675149409102012420,Dog
476,675153376133427200,NotDog
477,675166823650848770,MaybeDog
478,675334060156301312,Dog
479,675349384339542016,Dog
480,675354435921575936,MaybeDog
481,675362609739206656,MaybeDog
482,675372240448454658,Dog
483,675432746517426176,Dog
484,675483430902214656,NotDog
485,675489971617296384,MaybeDog
486,675497103322386432,Dog
487,675501075957489664,NotDog
488,675517828909424640,Dog
489,675522403582218240,Dog
490,675531475945709568,Dog
491,675534494439489536,Dog
492,675706639471788032,Dog
493,675707330206547968,MaybeDog
494,675710890956750848,Dog
495,675740360753160193,Dog
496,675781562965868544,Dog
497,675798442703122432,Dog
498,675820929667219457,Dog
499,675822767435051008,Dog
500,675845657354215424,Dog
501,675853064436391936,Dog
502,675870721063669760,Dog
503,675878199931371520,MaybeDog
504,675888385639251968,Dog
505,675891555769696257,Dog
506,675898130735476737,Dog
507,676089483918516224,Dog
508,676098748976615425,NotDog
509,676101918813499392,Dog
510,676146341966438401,MaybeDog
511,676191832485810177,MaybeDog
512,676215927814406144,NotDog
513,676219687039057920,MaybeDog
514,676237365392908289,Dog
515,676263575653122048,MaybeDog
516,676430933382295552,Dog
517,676440007570247681,Dog
518,676470639084101634,MaybeDog
519,676496375194980353,Dog
520,676533798876651520,MaybeDog
521,676575501977128964,MaybeDog
522,676582956622721024,MaybeDog
523,676588346097852417,Dog
524,676603393314578432,Dog
525,676606785097199616,MaybeDog
526,676613908052996102,MaybeDog
527,676617503762681856,Dog
528,676776431406465024,NotDog
529,676811746707918848,Dog
530,676819651066732545,MaybeDog
531,676821958043033607,Dog
532,676864501615042560,MaybeDog
533,676897532954456065,NotDog
534,676936541936185344,MaybeDog
535,676942428000112642,NotDog
536,676946864479084545,Dog
537,676948236477857792,NotDog
538,676949632774234114,Dog
539,676957860086095872,Dog
540,676975532580409345,Dog
541,677187300187611136,Dog
542,677228873407442944,NotDog
543,677269281705472000,Dog
544,677301033169788928,Dog
545,677314812125323265,Dog
546,677328882937298944,MaybeDog
547,677331501395156992,Dog
548,677334615166730240,Dog
549,677530072887205888,Dog
550,677547928504967168,Dog
551,677557565589463040,MaybeDog
552,677565715327688705,MaybeDog
553,677573743309385728,NotDog
554,677644091929329666,MaybeDog
555,677662372920729601,NotDog
556,677673981332312066,MaybeDog
557,677687604918272002,MaybeDog
558,677698403548192770,Dog
559,677700003327029250,MaybeDog
560,677716515794329600,MaybeDog
561,677895101218201600,Dog
562,677918531514703872,Dog
563,678021115718029313,Dog
564,678255464182861824,Dog
565,678278586130948096,Dog
566,678334497360859136,Dog
567,678341075375947776,Dog
568,678380236862578688,MaybeDog
569,678389028614488064,Dog
570,678396796259975168,Dog
571,678399652199309312,MaybeDog
572,678410210315247616,Dog
573,678424312106393600,Dog
574,678446151570427904,Dog
575,678643457146150913,MaybeDog
576,678675843183484930,NotDog
577,678740035362037760,MaybeDog
578,678755239630127104,Dog
579,678764513869611008,Dog
580,678767140346941444,NotDog
581,678774928607469569,Dog
582,678798276842360832,Dog
583,678800283649069056,Dog
584,678969228704284672,Dog
585,678991772295516161,Dog
586,679047485189439488,MaybeDog
587,679062614270468097,MaybeDog
588,679111216690831360,Dog
589,679132435750195208,Dog
590,679148763231985668,MaybeDog
591,679158373988876288,MaybeDog
592,679462823135686656,Dog
593,679475951516934144,Dog
594,679503373272485890,NotDog
595,679511351870550016,MaybeDog
596,679527802031484928,NotDog
597,679530280114372609,MaybeDog
598,679722016581222400,Dog
599,679729593985699840,MaybeDog
600,679736210798047232,Dog
601,679777920601223168,Dog
602,679828447187857408,Dog
603,679844490799091713,Dog
604,679854723806179328,MaybeDog
605,679862121895714818,Dog
606,679877062409191424,NotDog
607,680055455951884288,Dog
608,680070545539371008,MaybeDog
609,680085611152338944,NotDog
610,680100725817409536,Dog
611,680115823365742593,Dog
612,680130881361686529,Dog
613,680145970311643136,Dog
614,680161097740095489,Dog
615,680176173301628928,NotDog
616,680191257256136705,Dog
617,680206703334408192,NotDog
618,680221482581123072,NotDog
619,680440374763077632,NotDog
620,680473011644985345,Dog
621,680494726643068929,Dog
622,680497766108381184,MaybeDog
623,680583894916304897,NotDog
624,680609293079592961,Dog
625,680798457301471234,NotDog
626,680801747103793152,Dog
627,680836378243002368,Dog
628,680889648562991104,Dog
629,680913438424612864,Dog
630,680934982542561280,Dog
631,680940246314430465,Dog
632,680959110691590145,MaybeDog
633,680970795137544192,MaybeDog
634,681193455364796417,Dog
635,681231109724700672,Dog
636,681242418453299201,NotDog
637,681261549936340994,Dog
638,681281657291280384,Dog
639,681297372102656000,Dog
640,681302363064414209,NotDog
641,681320187870711809,Dog
642,681339448655802368,MaybeDog
643,681523177663676416,Dog
644,681579835668455424,Dog
645,681610798867845120,Dog
646,681654059175129088,Dog
647,681679526984871937,NotDog
648,681694085539872773,Dog
649,681891461017812993,MaybeDog
650,681981167097122816,Dog
651,682003177596559360,NotDog
652,682032003584274432,Dog
653,682047327939461121,NotDog
654,682059653698686977,NotDog
655,682242692827447297,NotDog
656,682259524040966145,Dog
657,682303737705140231,MaybeDog
658,682389078323662849,Dog
659,682393905736888321,MaybeDog
660,682406705142087680,NotDog
661,682429480204398592,Dog
662,682638830361513985,Dog
663,682662431982772225,Dog
664,682697186228989953,NotDog
665,682750546109968385,Dog
666,682788441537560576,NotDog
667,682962037429899265,MaybeDog
668,683030066213818368,Dog
669,683078886620553216,MaybeDog
670,683098815881154561,Dog
671,683111407806746624,Dog
672,683142553609318400,Dog
673,683357973142474752,Dog
674,683391852557561860,Dog
675,683449695444799489,Dog
676,683462770029932544,Dog
677,683481228088049664,Dog
678,683498322573824003,Dog
679,683742671509258241,Dog
680,683773439333797890,Dog
681,683828599284170753,Dog
682,683834909291606017,Dog
683,683849932751646720,MaybeDog
684,683852578183077888,MaybeDog
685,683857920510050305,Dog
686,684097758874210310,Dog
687,684122891630342144,NotDog
688,684177701129875456,Dog
689,684188786104872960,Dog
690,684195085588783105,Dog
691,684200372118904832,NotDog
692,684222868335505415,MaybeDog
693,684225744407494656,Dog
694,684241637099323392,MaybeDog
695,684460069371654144,Dog
696,684481074559381504,MaybeDog
697,684538444857667585,MaybeDog
698,684567543613382656,NotDog
699,684594889858887680,Dog
700,684800227459624960,Dog
701,684880619965411328,NotDog
702,684902183876321280,MaybeDog
703,684914660081053696,MaybeDog
704,684926975086034944,MaybeDog
705,684940049151070208,Dog
706,684959798585110529,NotDog
707,685169283572338688,Dog
708,685198997565345792,MaybeDog
709,685268753634967552,Dog
710,685307451701334016,Dog
711,685315239903100929,Dog
712,685321586178670592,Dog
713,685325112850124800,Dog
714,685532292383666176,MaybeDog
715,685547936038666240,NotDog
716,685641971164143616,MaybeDog
717,685663452032069632,MaybeDog
718,685667379192414208,NotDog
719,685906723014619143,Dog
720,685943807276412928,Dog
721,685973236358713344,Dog
722,686003207160610816,NotDog
723,686007916130873345,MaybeDog
724,686034024800862208,Dog
725,686050296934563840,Dog
726,686358356425093120,Dog
727,686377065986265092,Dog
728,686386521809772549,Dog
729,686606069955735556,Dog
730,686618349602762752,Dog
731,686683045143953408,Dog
732,686730991906516992,Dog
733,686749460672679938,NotDog
734,686947101016735744,NotDog
735,687096057537363968,Dog
736,687102708889812993,NotDog
737,687109925361856513,Dog
738,687124485711986689,MaybeDog
739,687127927494963200,Dog
740,687312378585812992,MaybeDog
741,687317306314240000,Dog
742,687460506001633280,Dog
743,687476254459715584,NotDog
744,687480748861947905,Dog
745,687494652870668288,Dog
746,687664829264453632,Dog
747,687704180304273409,Dog
748,687807801670897665,Dog
749,687818504314159109,Dog
750,687826841265172480,Dog
751,688064179421470721,Dog
752,688116655151435777,Dog
753,688179443353796608,NotDog
754,688211956440801280,NotDog
755,688385280030670848,MaybeDog
756,688519176466644993,Dog
757,688547210804498433,Dog
758,688789766343622656,Dog
759,688804835492233216,Dog
760,688828561667567616,MaybeDog
761,688894073864884227,NotDog
762,688898160958271489,Dog
763,688908934925697024,NotDog
764,688916208532455424,MaybeDog
765,689143371370250240,Dog
766,689154315265683456,Dog
767,689275259254616065,Dog
768,689280876073582592,Dog
769,689283819090870273,Dog
770,689289219123089408,NotDog
771,689517482558820352,Dog
772,689557536375177216,MaybeDog
773,689599056876867584,MaybeDog
774,689623661272240129,MaybeDog
775,689659372465688576,NotDog
776,689661964914655233,Dog
777,689835978131935233,Dog
778,689877686181715968,Dog
779,689905486972461056,Dog
780,689977555533848577,MaybeDog
781,689999384604450816,Dog
782,690005060500217858,MaybeDog
783,690015576308211712,Dog
784,690021994562220032,MaybeDog
785,690248561355657216,NotDog
786,690360449368465409,Dog
787,690374419777196032,MaybeDog
788,690400367696297985,Dog
789,690597161306841088,MaybeDog
790,690649993829576704,MaybeDog
791,690690673629138944,MaybeDog
792,690728923253055490,Dog
793,690735892932222976,Dog
794,690932576555528194,NotDog
795,690938899477221376,NotDog
796,690959652130045952,Dog
797,691090071332753408,NotDog
798,691096613310316544,MaybeDog
799,691321916024623104,Dog
800,691416866452082688,Dog
801,691444869282295808,Dog
802,691459709405118465,Dog
803,691483041324204033,Dog
804,691675652215414786,MaybeDog
805,691756958957883396,Dog
806,691820333922455552,NotDog
807,692017291282812928,MaybeDog
808,692142790915014657,MaybeDog
809,692158366030913536,MaybeDog
810,692187005137076224,Dog
811,692417313023332352,NotDog
812,692530551048294401,MaybeDog
813,692535307825213440,Dog
814,692568918515392513,Dog
815,692752401762250755,Dog
816,692828166163931137,MaybeDog
817,692894228850999298,Dog
818,692901601640583168,Dog
819,692905862751522816,Dog
820,692919143163629568,Dog
821,693095443459342336,MaybeDog
822,693109034023534592,Dog
823,693155686491000832,Dog
824,693231807727280129,Dog
825,693262851218264065,Dog
826,693280720173801472,MaybeDog
827,693486665285931008,NotDog
828,693590843962331137,NotDog
829,693622659251335168,Dog
830,693629975228977152,Dog
831,693642232151285760,Dog
832,693647888581312512,NotDog
833,693942351086120961,Dog
834,694001791655137281,Dog
835,694183373896572928,MaybeDog
836,694206574471057408,Dog
837,694329668942569472,Dog
838,694352839993344000,Dog
839,694356675654983680,MaybeDog
840,694669722378485760,NotDog
841,694905863685980160,NotDog
842,695051054296211456,Dog
843,695064344191721472,NotDog
844,695074328191332352,Dog
845,695095422348574720,Dog
846,695314793360662529,Dog
847,695409464418041856,Dog
848,695446424020918272,Dog
849,695629776980148225,Dog
850,695767669421768709,Dog
851,695794761660297217,MaybeDog
852,695816827381944320,MaybeDog
853,696405997980676096,Dog
854,696488710901260288,Dog
855,696713835009417216,MaybeDog
856,696754882863349760,MaybeDog
857,696877980375769088,NotDog
858,696886256886657024,MaybeDog
859,696894894812565505,Dog
860,696900204696625153,Dog
861,697242256848379904,MaybeDog
862,697255105972801536,Dog
863,697259378236399616,Dog
864,697270446429966336,Dog
865,697463031882764288,Dog
866,697482927769255936,NotDog
867,697575480820686848,MaybeDog
868,697596423848730625,Dog
869,697616773278015490,Dog
870,697881462549430272,NotDog
871,697943111201378304,Dog
872,697990423684476929,Dog
873,697995514407682048,Dog
874,698178924120031232,Dog
875,698195409219559425,Dog
876,698262614669991936,Dog
877,698342080612007937,Dog
878,698355670425473025,MaybeDog
879,698549713696649216,Dog
880,698635131305795584,Dog
881,698703483621523456,Dog
882,698710712454139905,MaybeDog
883,698907974262222848,Dog
884,698953797952008193,MaybeDog
885,698989035503689728,Dog
886,699036661657767936,MaybeDog
887,699072405256409088,Dog
888,699079609774645248,Dog
889,699088579889332224,NotDog
890,699323444782047232,MaybeDog
891,699370870310113280,Dog
892,699413908797464576,Dog
893,699423671849451520,Dog
894,699434518667751424,Dog
895,699446877801091073,Dog
896,699691744225525762,NotDog
897,699775878809702401,Dog
898,699779630832685056,Dog
899,699788877217865730,Dog
900,699801817392291840,Dog
901,700002074055016451,Dog
902,700029284593901568,Dog
903,700062718104104960,NotDog
904,700143752053182464,MaybeDog
905,700151421916807169,MaybeDog
906,700167517596164096,Dog
907,700462010979500032,MaybeDog
908,700505138482569216,MaybeDog
909,700518061187723268,Dog
910,700747788515020802,Dog
911,700796979434098688,NotDog
912,700847567345688576,Dog
913,700864154249383937,Dog
914,700890391244103680,MaybeDog
915,701214700881756160,Dog
916,701545186879471618,Dog
917,701570477911896070,Dog
918,701601587219795968,Dog
919,701889187134500865,MaybeDog
920,701952816642965504,Dog
921,701981390485725185,MaybeDog
922,702217446468493312,Dog
923,702276748847800320,Dog
924,702321140488925184,Dog
925,702539513671897089,Dog
926,702598099714314240,MaybeDog
927,702671118226825216,Dog
928,702684942141153280,Dog
929,702932127499816960,NotDog
930,703041949650034688,NotDog
931,703079050210877440,Dog
932,703268521220972544,MaybeDog
933,703356393781329922,Dog
934,703382836347330562,Dog
935,703407252292673536,NotDog
936,703425003149250560,MaybeDog
937,703611486317502464,Dog
938,703631701117943808,NotDog
939,703769065844768768,Dog
940,703774238772166656,Dog
941,704054845121142784,Dog
942,704113298707505153,NotDog
943,704347321748819968,MaybeDog
944,704364645503647744,Dog
945,704480331685040129,MaybeDog
946,704499785726889984,MaybeDog
947,704761120771465216,MaybeDog
948,704819833553219584,NotDog
949,704847917308362754,Dog
950,704859558691414016,MaybeDog
951,704871453724954624,Dog
952,705066031337840642,Dog
953,705102439679201280,Dog
954,705223444686888960,MaybeDog
955,705239209544720384,Dog
956,705428427625635840,MaybeDog
957,705442520700944385,MaybeDog
958,705475953783398401,MaybeDog
959,705591895322394625,Dog
960,705786532653883392,MaybeDog
961,705898680587526145,Dog
962,705970349788291072,Dog
963,705975130514706432,Dog
964,706166467411222528,Dog
965,706265994973601792,Dog
966,706291001778950144,Dog
967,706310011488698368,Dog
968,706346369204748288,Dog
969,706516534877929472,MaybeDog
970,706538006853918722,Dog
971,706593038911545345,NotDog
972,706644897839910912,MaybeDog
973,706681918348251136,Dog
974,706901761596989440,NotDog
975,707014260413456384,Dog
976,707021089608753152,Dog
977,707038192327901184,MaybeDog
978,707059547140169728,Dog
979,707297311098011648,MaybeDog
980,707315916783140866,Dog
981,707377100785885184,Dog
982,707387676719185920,Dog
983,707411934438625280,Dog
984,707420581654872064,MaybeDog
985,707610948723478529,Dog
986,707693576495472641,NotDog
987,707741517457260545,Dog
988,707776935007539200,Dog
989,707969809498152960,MaybeDog
990,707995814724026368,NotDog
991,708026248782585858,MaybeDog
992,708109389455101952,Dog
993,708119489313951744,Dog
994,708130923141795840,Dog
995,708149363256774660,Dog
996,708349470027751425,MaybeDog
997,708356463048204288,MaybeDog
998,708469915515297792,Dog
999,708479650088034305,Dog
1000,708711088997666817,MaybeDog
1001,708738143638450176,Dog
1002,708810915978854401,Dog
1003,708834316713893888,MaybeDog
1004,708845821941387268,Dog
1005,709042156699303936,MaybeDog
1006,709158332880297985,Dog
1007,709198395643068416,Dog
1008,709207347839836162,MaybeDog
1009,709225125749587968,Dog
1010,709409458133323776,Dog
1011,709449600415961088,Dog
1012,709519240576036864,Dog
1013,709556954897764353,Dog
1014,709566166965075968,Dog
1015,709852847387627521,Dog
1016,709901256215666688,NotDog
1017,709918798883774466,Dog
1018,710117014656950272,Dog
1019,710140971284037632,Dog
1020,710153181850935296,MaybeDog
1021,710269109699739648,Dog
1022,710272297844797440,Dog
1023,710283270106132480,Dog
1024,710588934686908417,Dog
1025,710658690886586372,Dog
1026,710833117892898816,Dog
1027,710844581445812225,MaybeDog
1028,710997087345876993,Dog
1029,711008018775851008,Dog
1030,711306686208872448,MaybeDog
1031,711363825979756544,Dog
1032,711652651650457602,NotDog
1033,711694788429553666,NotDog
1034,711732680602345472,MaybeDog
1035,711743778164514816,Dog
1036,711968124745228288,NotDog
1037,711998809858043904,MaybeDog
1038,712065007010385924,NotDog
1039,712085617388212225,Dog
1040,712092745624633345,NotDog
1041,712097430750289920,Dog
1042,712438159032893441,MaybeDog
1043,712668654853337088,Dog
1044,712717840512598017,Dog
1045,712809025985978368,MaybeDog
1046,713175907180089344,MaybeDog
1047,713177543487135744,Dog
1048,713411074226274305,Dog
1049,713761197720473600,Dog
1050,713900603437621249,Dog
1051,713919462244790272,Dog
1052,714141408463036416,Dog
1053,714214115368108032,Dog
1054,714251586676113411,Dog
1055,714258258790387713,Dog
1056,714606013974974464,Dog
1057,714631576617938945,NotDog
1058,714957620017307648,Dog
1059,714982300363173890,Dog
1060,715009755312439296,MaybeDog
1061,715200624753819648,Dog
1062,715220193576927233,Dog
1063,715342466308784130,Dog
1064,715360349751484417,NotDog
1065,715680795826982913,Dog
1066,715696743237730304,Dog
1067,715733265223708672,Dog
1068,715928423106027520,Dog
1069,716080869887381504,Dog
1070,716285507865542656,Dog
1071,716439118184652801,Dog
1072,716791146589110272,MaybeDog
1073,716802964044845056,Dog
1074,717009362452090881,Dog
1075,717047459982213120,Dog
1076,717421804990701568,Dog
1077,717537687239008257,Dog
1078,717790033953034240,NotDog
1079,717841801130979328,MaybeDog
1080,718234618122661888,Dog
1081,718246886998687744,MaybeDog
1082,718454725339934721,NotDog
1083,718460005985447936,MaybeDog
1084,718540630683709445,Dog
1085,718613305783398402,Dog
1086,718631497683582976,MaybeDog
1087,718939241951195136,MaybeDog
1088,718971898235854848,Dog
1089,719332531645071360,Dog
1090,719339463458033665,Dog
1091,719367763014393856,MaybeDog
1092,719551379208073216,Dog
1093,719704490224398336,NotDog
1094,719991154352222208,Dog
1095,720043174954147842,MaybeDog
1096,720059472081784833,Dog
1097,720340705894408192,NotDog
1098,720389942216527872,Dog
1099,720415127506415616,MaybeDog
1100,720775346191278080,Dog
1101,720785406564900865,MaybeDog
1102,721001180231503872,MaybeDog
1103,721503162398597120,Dog
1104,722613351520608256,Dog
1105,722974582966214656,Dog
1106,723179728551723008,MaybeDog
1107,723673163800948736,MaybeDog
1108,723688335806480385,MaybeDog
1109,723912936180330496,Dog
1110,724004602748780546,MaybeDog
1111,724046343203856385,Dog
1112,724049859469295616,Dog
1113,724405726123311104,MaybeDog
1114,724771698126512129,Dog
1115,724983749226668032,Dog
1116,725729321944506368,Dog
1117,725786712245440512,Dog
1118,725842289046749185,Dog
1119,726224900189511680,MaybeDog
1120,726828223124897792,Dog
1121,726887082820554753,Dog
1122,726935089318363137,MaybeDog
1123,727175381690781696,Dog
1124,727286334147182592,MaybeDog
1125,727314416056803329,Dog
1126,727524757080539137,Dog
1127,727644517743104000,Dog
1128,727685679342333952,Dog
1129,728015554473250816,MaybeDog
1130,728035342121635841,MaybeDog
1131,728046963732717569,Dog
1132,728387165835677696,Dog
1133,728409960103686147,MaybeDog
1134,728653952833728512,NotDog
1135,728751179681943552,Dog
1136,728760639972315136,Dog
1137,728986383096946689,Dog
1138,729113531270991872,NotDog
1139,729463711119904772,Dog
1140,729823566028484608,MaybeDog
1141,729838605770891264,NotDog
1142,729854734790754305,NotDog
1143,730196704625098752,NotDog
1144,730211855403241472,Dog
1145,730427201120833536,Dog
1146,730573383004487680,Dog
1147,730924654643314689,MaybeDog
1148,731156023742988288,NotDog
1149,731285275100512256,Dog
1150,732005617171337216,Dog
1151,732375214819057664,MaybeDog
1152,732585889486888962,Dog
1153,732726085725589504,Dog
1154,732732193018155009,MaybeDog
1155,733109485275860992,MaybeDog
1156,733460102733135873,MaybeDog
1157,733482008106668032,MaybeDog
1158,733822306246479872,Dog
1159,733828123016450049,Dog
1160,734776360183431168,Dog
1161,734787690684657664,Dog
1162,734912297295085568,MaybeDog
1163,735137028879360001,Dog
1164,735256018284875776,MaybeDog
1165,735274964362878976,NotDog
1166,735635087207878657,MaybeDog
1167,735648611367784448,MaybeDog
1168,735991953473572864,Dog
1169,736010884653420544,Dog
1170,736225175608430592,Dog
1171,736365877722001409,MaybeDog
1172,736736130620620800,Dog
1173,737310737551491075,NotDog
1174,737322739594330112,NotDog
1175,737445876994609152,Dog
1176,737678689543020544,Dog
1177,737800304142471168,MaybeDog
1178,737826014890496000,Dog
1179,738156290900254721,MaybeDog
1180,738166403467907072,Dog
1181,738184450748633089,Dog
1182,738402415918125056,Dog
1183,738537504001953792,MaybeDog
1184,738883359779196928,Dog
1185,738885046782832640,MaybeDog
1186,739238157791694849,Dog
1187,739485634323156992,Dog
1188,739544079319588864,MaybeDog
1189,739606147276148736,Dog
1190,739844404073074688,MaybeDog
1191,739932936087216128,Dog
1192,739979191639244800,MaybeDog
1193,740214038584557568,Dog
1194,740359016048689152,Dog
1195,740365076218183684,NotDog
1196,740373189193256964,Dog
1197,740676976021798912,MaybeDog
1198,740699697422163968,NotDog
1199,740711788199743490,MaybeDog
1200,740995100998766593,Dog
1201,741067306818797568,Dog
1202,741303864243200000,Dog
1203,741438259667034112,Dog
1204,741743634094141440,Dog
1205,741793263812808706,Dog
1206,742150209887731712,MaybeDog
1207,742161199639494656,NotDog
1208,742385895052087300,Dog
1209,742423170473463808,Dog
1210,742465774154047488,NotDog
1211,742528092657332225,NotDog
1212,743210557239623680,Dog
1213,743222593470234624,Dog
1214,743253157753532416,Dog
1215,743510151680958465,NotDog
1216,743545585370791937,MaybeDog
1217,743595368194129920,NotDog
1218,743609206067040256,Dog
1219,743895849529389061,Dog
1220,743980027717509120,Dog
1221,744234799360020481,MaybeDog
1222,744334592493166593,MaybeDog
1223,744709971296780288,Dog
1224,744971049620602880,Dog
1225,744995568523612160,Dog
1226,745057283344719872,Dog
1227,745314880350101504,NotDog
1228,745422732645535745,MaybeDog
1229,745433870967832576,MaybeDog
1230,745712589599014916,MaybeDog
1231,745789745784041472,Dog
1232,746056683365994496,Dog
1233,746131877086527488,Dog
1234,746369468511756288,MaybeDog
1235,746507379341139972,Dog
1236,746726898085036033,MaybeDog
1237,746790600704425984,MaybeDog
1238,746818907684614144,MaybeDog
1239,746872823977771008,Dog
1240,746906459439529985,NotDog
1241,747103485104099331,MaybeDog
1242,747204161125646336,NotDog
1243,747219827526344708,MaybeDog
1244,747461612269887489,NotDog
1245,747512671126323200,Dog
1246,747594051852075008,MaybeDog
1247,747600769478692864,Dog
1248,747816857231626240,Dog
1249,747844099428986880,Dog
1250,747885874273214464,Dog
1251,747933425676525569,Dog
1252,747963614829678593,MaybeDog
1253,748307329658011649,NotDog
1254,748324050481647620,Dog
1255,748346686624440324,Dog
1256,748568946752774144,Dog
1257,748575535303884801,MaybeDog
1258,748692773788876800,NotDog
1259,748699167502000129,Dog
1260,748705597323898880,NotDog
1261,748932637671223296,Dog
1262,748977405889503236,Dog
1263,749036806121881602,MaybeDog
1264,749064354620928000,Dog
1265,749317047558017024,MaybeDog
1266,749395845976588288,Dog
1267,749403093750648834,Dog
1268,749417653287129088,Dog
1269,749774190421639168,Dog
1270,749981277374128128,NotDog
1271,749996283729883136,Dog
1272,750011400160841729,MaybeDog
1273,750026558547456000,MaybeDog
1274,750041628174217216,Dog
1275,750056684286914561,Dog
1276,750071704093859840,Dog
1277,750086836815486976,MaybeDog
1278,750101899009982464,MaybeDog
1279,750117059602808832,Dog
1280,750132105863102464,MaybeDog
1281,750147208377409536,Dog
1282,750383411068534784,Dog
1283,750429297815552001,MaybeDog
1284,750506206503038976,NotDog
1285,750719632563142656,Dog
1286,750868782890057730,MaybeDog
1287,751132876104687617,Dog
1288,751205363882532864,Dog
1289,751251247299190784,Dog
1290,751456908746354688,Dog
1291,751538714308972544,MaybeDog
1292,751583847268179968,MaybeDog
1293,751598357617971201,Dog
1294,751830394383790080,MaybeDog
1295,751937170840121344,MaybeDog
1296,752173152931807232,Dog
1297,752309394570878976,MaybeDog
1298,752334515931054080,Dog
1299,752519690950500352,MaybeDog
1300,752660715232722944,MaybeDog
1301,752682090207055872,Dog
1302,752917284578922496,Dog
1303,753026973505581056,Dog
1304,753294487569522689,MaybeDog
1305,753375668877008896,MaybeDog
1306,753398408988139520,Dog
1307,753420520834629632,NotDog
1308,753655901052166144,Dog
1309,754011816964026368,Dog
1310,754120377874386944,Dog
1311,754449512966619136,Dog
1312,754482103782404096,NotDog
1313,754747087846248448,NotDog
1314,754856583969079297,Dog
1315,754874841593970688,MaybeDog
1316,755110668769038337,Dog
1317,755206590534418437,NotDog
1318,755955933503782912,Dog
1319,756275833623502848,Dog
1320,756288534030475264,MaybeDog
1321,756303284449767430,Dog
1322,756526248105566208,NotDog
1323,756651752796094464,Dog
1324,756939218950160384,Dog
1325,756998049151549440,Dog
1326,757354760399941633,MaybeDog
1327,757393109802180609,Dog
1328,757400162377592832,MaybeDog
1329,757596066325864448,NotDog
1330,757597904299253760,NotDog
1331,757611664640446465,Dog
1332,757725642876129280,MaybeDog
1333,757729163776290825,MaybeDog
1334,757741869644341248,MaybeDog
1335,758041019896193024,MaybeDog
1336,758355060040593408,MaybeDog
1337,758405701903519748,MaybeDog
1338,758467244762497024,Dog
1339,758474966123810816,Dog
1340,758740312047005698,Dog
1341,758828659922702336,Dog
1342,758854675097526272,MaybeDog
1343,759047813560868866,MaybeDog
1344,759099523532779520,Dog
1345,759159934323924993,Dog
1346,759197388317847553,MaybeDog
1347,759447681597108224,MaybeDog
1348,759557299618865152,Dog
1349,759566828574212096,MaybeDog
1350,759793422261743616,Dog
1351,759846353224826880,Dog
1352,759923798737051648,MaybeDog
1353,760190180481531904,NotDog
1354,760252756032651264,NotDog
1355,760290219849637889,Dog
1356,760539183865880579,Dog
1357,760641137271070720,NotDog
1358,760656994973933572,Dog
1359,760893934457552897,Dog
1360,761004547850530816,Dog
1361,761227390836215808,MaybeDog
1362,761292947749015552,Dog
1363,761334018830917632,Dog
1364,761371037149827077,NotDog
1365,761599872357261312,Dog
1366,761672994376806400,NotDog
1367,761745352076779520,NotDog
1368,761750502866649088,Dog
1369,761976711479193600,Dog
1370,762035686371364864,NotDog
1371,762316489655476224,NotDog
1372,762464539388485633,MaybeDog
1373,762471784394268675,Dog
1374,762699858130116608,MaybeDog
1375,763103485927849985,MaybeDog
1376,763183847194451968,MaybeDog
1377,763837565564780549,MaybeDog
1378,764259802650378240,Dog
1379,764857477905154048,Dog
1380,765222098633691136,Dog
1381,765371061932261376,Dog
1382,765395769549590528,Dog
1383,765669560888528897,Dog
1384,765719909049503744,Dog
1385,766008592277377025,Dog
1386,766069199026450432,Dog
1387,766078092750233600,Dog
1388,766313316352462849,Dog
1389,766423258543644672,Dog
1390,766693177336135680,Dog
1391,766793450729734144,Dog
1392,767122157629476866,Dog
1393,767191397493538821,NotDog
1394,767500508068192258,Dog
1395,767754930266464257,MaybeDog
1396,767884188863397888,NotDog
1397,768193404517830656,NotDog
1398,768473857036525572,Dog
1399,768596291618299904,Dog
1400,768609597686943744,Dog
1401,768855141948723200,Dog
1402,768970937022709760,MaybeDog
1403,769212283578875904,Dog
1404,769695466921623552,MaybeDog
1405,769940425801170949,Dog
1406,770069151037685760,Dog
1407,770093767776997377,Dog
1408,770293558247038976,Dog
1409,770414278348247044,MaybeDog
1410,770655142660169732,NotDog
1411,770772759874076672,Dog
1412,770787852854652928,Dog
1413,771004394259247104,NotDog
1414,771014301343748096,NotDog
1415,771102124360998913,Dog
1416,771136648247640064,MaybeDog
1417,771171053431250945,Dog
1418,771380798096281600,Dog
1419,771500966810099713,MaybeDog
1420,771770456517009408,Dog
1421,772102971039580160,Dog
1422,772114945936949249,Dog
1423,772117678702071809,Dog
1424,772152991789019136,Dog
1425,772193107915964416,Dog
1426,772581559778025472,Dog
1427,772615324260794368,Dog
1428,772826264096874500,Dog
1429,772877495989305348,MaybeDog
1430,773191612633579521,Dog
1431,773247561583001600,MaybeDog
1432,773308824254029826,MaybeDog
1433,773547596996571136,Dog
1434,773670353721753600,Dog
1435,773704687002451968,Dog
1436,773922284943896577,Dog
1437,773985732834758656,MaybeDog
1438,774314403806253056,Dog
1439,774639387460112384,Dog
1440,774757898236878852,Dog
1441,775085132600442880,Dog
1442,775364825476165632,Dog
1443,775729183532220416,NotDog
1444,775733305207554048,NotDog
1445,775842724423557120,MaybeDog
1446,775898661951791106,MaybeDog
1447,776088319444877312,MaybeDog
1448,776113305656188928,NotDog
1449,776201521193218049,Dog
1450,776218204058357768,Dog
1451,776477788987613185,MaybeDog
1452,776813020089548800,Dog
1453,776819012571455488,Dog
1454,777189768882946048,MaybeDog
1455,777621514455814149,Dog
1456,777641927919427584,MaybeDog
1457,777684233540206592,Dog
1458,777885040357281792,Dog
1459,778027034220126208,Dog
1460,778039087836069888,Dog
1461,778286810187399168,MaybeDog
1462,778383385161035776,Dog
1463,778396591732486144,NotDog
1464,778408200802557953,Dog
1465,778624900596654080,Dog
1466,778650543019483137,Dog
1467,778748913645780993,Dog
1468,778990705243029504,Dog
1469,779056095788752897,Dog
1470,779123168116150273,Dog
1471,779377524342161408,NotDog
1472,779834332596887552,Dog
1473,780192070812196864,MaybeDog
1474,780459368902959104,Dog
1475,780476555013349377,Dog
1476,780496263422808064,Dog
1477,780543529827336192,Dog
1478,780601303617732608,Dog
1479,780800785462489090,Dog
1480,780858289093574656,Dog
1481,780931614150983680,NotDog
1482,781163403222056960,Dog
1483,781251288990355457,MaybeDog
1484,781524693396357120,MaybeDog
1485,781661882474196992,Dog
1486,781955203444699136,NotDog
1487,782021823840026624,Dog
1488,782305867769217024,Dog
1489,782598640137187329,Dog
1490,782722598790725632,MaybeDog
1491,782747134529531904,Dog
1492,782969140009107456,MaybeDog
1493,783085703974514689,Dog
1494,783334639985389568,Dog
1495,783347506784731136,Dog
1496,783391753726550016,Dog
1497,783466772167098368,Dog
1498,783695101801398276,Dog
1499,783821107061198850,Dog
1500,783839966405230592,NotDog
1501,784431430411685888,Dog
1502,784517518371221505,Dog
1503,784826020293709826,MaybeDog
1504,785170936622350336,MaybeDog
1505,785264754247995392,MaybeDog
1506,785533386513321988,Dog
1507,785639753186217984,NotDog
1508,785872687017132033,Dog
1509,785927819176054784,MaybeDog
1510,786036967502913536,Dog
1511,786233965241827333,Dog
1512,786363235746385920,Dog
1513,786595970293370880,Dog
1514,786664955043049472,Dog
1515,786709082849828864,MaybeDog
1516,786963064373534720,Dog
1517,787322443945877504,MaybeDog
1518,787397959788929025,Dog
1519,787717603741622272,Dog
1520,787810552592695296,Dog
1521,788039637453406209,NotDog
1522,788070120937619456,Dog
1523,788150585577050112,Dog
1524,788178268662984705,MaybeDog
1525,788412144018661376,Dog
1526,788765914992902144,MaybeDog
1527,788908386943430656,MaybeDog
1528,789137962068021249,Dog
1529,789268448748703744,Dog
1530,789530877013393408,Dog
1531,789599242079838210,Dog
1532,789628658055020548,MaybeDog
1533,789986466051088384,MaybeDog
1534,790277117346975746,Dog
1535,790337589677002753,Dog
1536,790581949425475584,MaybeDog
1537,790698755171364864,Dog
1538,790723298204217344,MaybeDog
1539,790946055508652032,MaybeDog
1540,790987426131050500,Dog
1541,791026214425268224,MaybeDog
1542,791312159183634433,Dog
1543,791406955684368384,Dog
1544,791672322847637504,Dog
1545,792050063153438720,MaybeDog
1546,792394556390137856,Dog
1547,792773781206999040,Dog
1548,792883833364439040,MaybeDog
1549,792913359805018113,NotDog
1550,793120401413079041,Dog
1551,793135492858580992,NotDog
1552,793150605191548928,Dog
1553,793165685325201412,MaybeDog
1554,793180763617361921,Dog
1555,793195938047070209,Dog
1556,793210959003287553,MaybeDog
1557,793226087023144960,Dog
1558,793241302385262592,Dog
1559,793256262322548741,Dog
1560,793271401113350145,Dog
1561,793286476301799424,MaybeDog
1562,793500921481273345,Dog
1563,793601777308463104,Dog
1564,793614319594401792,Dog
1565,793845145112371200,Dog
1566,793962221541933056,Dog
1567,794205286408003585,NotDog
1568,794332329137291264,Dog
1569,794355576146903043,MaybeDog
1570,794926597468000259,MaybeDog
1571,794983741416415232,Dog
1572,795076730285391872,NotDog
1573,795400264262053889,MaybeDog
1574,795464331001561088,Dog
1575,796031486298386433,MaybeDog
1576,796080075804475393,MaybeDog
1577,796116448414461957,Dog
1578,796149749086875649,MaybeDog
1579,796177847564038144,MaybeDog
1580,796387464403357696,MaybeDog
1581,796484825502875648,MaybeDog
1582,796759840936919040,Dog
1583,796865951799083009,Dog
1584,797236660651966464,Dog
1585,797545162159308800,Dog
1586,797971864723324932,Dog
1587,798209839306514432,Dog
1588,798340744599797760,Dog
1589,798628517273620480,Dog
1590,798644042770751489,Dog
1591,798665375516884993,MaybeDog
1592,798673117451325440,NotDog
1593,798694562394996736,Dog
1594,798697898615730177,MaybeDog
1595,798925684722855936,Dog
1596,798933969379225600,Dog
1597,799063482566066176,Dog
1598,799297110730567681,Dog
1599,799422933579902976,Dog
1600,799757965289017345,Dog
1601,799774291445383169,Dog
1602,800018252395122689,NotDog
1603,800141422401830912,Dog
1604,800388270626521089,Dog
1605,800443802682937345,NotDog
1606,800459316964663297,NotDog
1607,800513324630806528,Dog
1608,800751577355128832,Dog
1609,801115127852503040,Dog
1610,801167903437357056,Dog
1611,801285448605831168,NotDog
1612,801538201127157760,Dog
1613,801958328846974976,Dog
1614,802239329049477120,Dog
1615,802247111496568832,Dog
1616,802265048156610565,Dog
1617,802323869084381190,NotDog
1618,802572683846291456,Dog
1619,802624713319034886,Dog
1620,802952499103731712,Dog
1621,803276597545603072,Dog
1622,803380650405482500,NotDog
1623,803638050916102144,Dog
1624,803692223237865472,Dog
1625,803773340896923648,Dog
1626,804026241225523202,NotDog
1627,804413760345620481,MaybeDog
1628,804738756058218496,Dog
1629,805207613751304193,Dog
1630,805487436403003392,NotDog
1631,805520635690676224,Dog
1632,805826884734976000,Dog
1633,805932879469572096,Dog
1634,805958939288408065,MaybeDog
1635,806219024703037440,Dog
1636,806242860592926720,Dog
1637,806542213899489280,Dog
1638,806629075125202948,MaybeDog
1639,807010152071229440,Dog
1640,807059379405148160,MaybeDog
1641,807106840509214720,Dog
1642,807621403335917568,Dog
1643,808001312164028416,Dog
1644,808106460588765185,Dog
1645,808134635716833280,Dog
1646,808501579447930884,Dog
1647,808733504066486276,MaybeDog
1648,808838249661788160,Dog
1649,809084759137812480,Dog
1650,809220051211603969,Dog
1651,809448704142938112,Dog
1652,809808892968534016,Dog
1653,809920764300447744,Dog
1654,810254108431155201,Dog
1655,810284430598270976,Dog
1656,810657578271330305,Dog
1657,810896069567610880,Dog
1658,810984652412424192,Dog
1659,811386762094317568,Dog
1660,811627233043480576,Dog
1661,811744202451197953,Dog
1662,811985624773361665,MaybeDog
1663,812372279581671427,Dog
1664,812466873996607488,MaybeDog
1665,812503143955202048,NotDog
1666,812709060537683968,Dog
1667,812781120811126785,Dog
1668,813051746834595840,Dog
1669,813066809284972545,Dog
1670,813081950185472002,Dog
1671,813096984823349248,Dog
1672,813112105746448384,MaybeDog
1673,813127251579564032,Dog
1674,813142292504645637,Dog
1675,813157409116065792,MaybeDog
1676,813172488309972993,MaybeDog
1677,813187593374461952,Dog
1678,813202720496779264,Dog
1679,813217897535406080,Dog
1680,813800681631023104,Dog
1681,813812741911748608,Dog
1682,813910438903693312,Dog
1683,813944609378369540,Dog
1684,814153002265309185,Dog
1685,814530161257443328,Dog
1686,814638523311648768,Dog
1687,814986499976527872,Dog
1688,815390420867969024,NotDog
1689,815639385530101762,Dog
1690,815736392542261248,Dog
1691,815966073409433600,Dog
1692,815990720817401858,Dog
1693,816014286006976512,Dog
1694,816091915477250048,Dog
1695,816336735214911488,Dog
1696,816450570814898180,NotDog
1697,816697700272001025,Dog
1698,816816676327063552,Dog
1699,816829038950027264,MaybeDog
1700,817056546584727552,Dog
1701,817120970343411712,Dog
1702,817171292965273600,Dog
1703,817181837579653120,Dog
1704,817415592588222464,Dog
1705,817423860136083457,MaybeDog
1706,817536400337801217,Dog
1707,817777686764523521,Dog
1708,817827839487737858,Dog
1709,818145370475810820,Dog
1710,818259473185828864,Dog
1711,818536468981415936,MaybeDog
1712,818588835076603904,Dog
1713,818614493328580609,Dog
1714,818627210458333184,MaybeDog
1715,819004803107983360,Dog
1716,819006400881917954,NotDog
1717,819015331746349057,NotDog
1718,819015337530290176,Dog
1719,819227688460238848,Dog
1720,819347104292290561,Dog
1721,819588359383371776,Dog
1722,819711362133872643,MaybeDog
1723,819924195358416896,NotDog
1724,819952236453363712,Dog
1725,820078625395449857,NotDog
1726,820314633777061888,Dog
1727,820446719150292993,Dog
1728,820690176645140481,Dog
1729,820749716845686786,Dog
1730,821044531881721856,Dog
1731,821107785811234820,Dog
1732,821149554670182400,Dog
1733,821407182352777218,Dog
1734,821522889702862852,Dog
1735,821765923262631936,Dog
1736,821813639212650496,Dog
1737,821886076407029760,Dog
1738,822244816520155136,MaybeDog
1739,822462944365645825,Dog
1740,822489057087389700,Dog
1741,822610361945911296,Dog
1742,822647212903690241,Dog
1743,822859134160621569,Dog
1744,822872901745569793,Dog
1745,822975315408461824,MaybeDog
1746,823269594223824897,MaybeDog
1747,823322678127919110,MaybeDog
1748,823581115634085888,MaybeDog
1749,823699002998870016,MaybeDog
1750,823939628516474880,Dog
1751,824297048279236611,NotDog
1752,824325613288833024,Dog
1753,824663926340194305,Dog
1754,824775126675836928,Dog
1755,824796380199809024,NotDog
1756,825026590719483904,Dog
1757,825147591692263424,Dog
1758,825535076884762624,Dog
1759,825829644528148480,Dog
1760,825876512159186944,NotDog
1761,826115272272650244,MaybeDog
1762,826204788643753985,Dog
1763,826240494070030336,Dog
1764,826476773533745153,Dog
1765,826598365270007810,MaybeDog
1766,826848821049180160,Dog
1767,826958653328592898,MaybeDog
1768,827199976799354881,Dog
1769,827324948884643840,Dog
1770,827600520311402496,Dog
1771,827653905312006145,Dog
1772,827933404142436356,Dog
1773,828011680017821696,Dog
1774,828046555563323392,NotDog
1775,828372645993398273,Dog
1776,828376505180889089,Dog
1777,828381636999917570,Dog
1778,828408677031882754,Dog
1779,828409743546925057,MaybeDog
1780,828650029636317184,Dog
1781,828708714936930305,MaybeDog
1782,828770345708580865,MaybeDog
1783,829011960981237760,MaybeDog
1784,829141528400556032,MaybeDog
1785,829374341691346946,Dog
1786,829449946868879360,Dog
1787,829501995190984704,Dog
1788,829861396166877184,Dog
1789,829878982036299777,MaybeDog
1790,830097400375152640,Dog
1791,830583320585068544,MaybeDog
1792,830956169170665475,Dog
1793,831262627380748289,MaybeDog
1794,831309418084069378,Dog
1795,831315979191906304,Dog
1796,831322785565769729,MaybeDog
1797,831552930092285952,Dog
1798,831650051525054464,Dog
1799,831670449226514432,Dog
1800,831911600680497154,Dog
1801,831939777352105988,MaybeDog
1802,832032802820481025,Dog
1803,832040443403784192,Dog
1804,832215726631055365,MaybeDog
1805,832273440279240704,MaybeDog
1806,832369877331693569,Dog
1807,832397543355072512,MaybeDog
1808,832636094638288896,Dog
1809,832757312314028032,Dog
1810,832769181346996225,NotDog
1811,832998151111966721,Dog
1812,833124694597443584,MaybeDog
1813,833479644947025920,Dog
1814,833722901757046785,Dog
1815,833826103416520705,Dog
1816,833863086058651648,Dog
1817,834086379323871233,MaybeDog
1818,834167344700198914,NotDog
1819,834209720923721728,Dog
1820,834458053273591808,Dog
1821,834574053763584002,MaybeDog
1822,834786237630337024,Dog
1823,834931633769889797,MaybeDog
1824,835152434251116546,MaybeDog
1825,835172783151792128,Dog
1826,835264098648616962,MaybeDog
1827,835297930240217089,Dog
1828,835574547218894849,MaybeDog
1829,836001077879255040,MaybeDog
1830,836260088725786625,MaybeDog
1831,836380477523124226,NotDog
1832,836677758902222849,NotDog
1833,836753516572119041,MaybeDog
1834,836989968035819520,MaybeDog
1835,837012587749474308,NotDog
1836,837110210464448512,Dog
1837,837366284874571778,Dog
1838,837471256429613056,MaybeDog
1839,837482249356513284,NotDog
1840,837820167694528512,Dog
1841,838083903487373313,MaybeDog
1842,838476387338051585,Dog
1843,838561493054533637,MaybeDog
1844,838916489579200512,NotDog
1845,838921590096166913,Dog
1846,839239871831150596,Dog
1847,839290600511926273,NotDog
1848,839549326359670784,MaybeDog
1849,839990271299457024,Dog
1850,840268004936019968,Dog
1851,840370681858686976,NotDog
1852,840632337062862849,Dog
1853,840696689258311684,NotDog
1854,841077006473256960,Dog
1855,841314665196081154,Dog
1856,841439858740625411,MaybeDog
1857,841680585030541313,MaybeDog
1858,841833993020538882,MaybeDog
1859,842115215311396866,Dog
1860,842163532590374912,MaybeDog
1861,842535590457499648,Dog
1862,842765311967449089,MaybeDog
1863,842846295480000512,Dog
1864,842892208864923648,Dog
1865,843235543001513987,Dog
1866,843604394117681152,Dog
1867,843856843873095681,Dog
1868,844223788422217728,Dog
1869,844580511645339650,NotDog
1870,844704788403113984,Dog
1871,844973813909606400,Dog
1872,844979544864018432,MaybeDog
1873,845306882940190720,Dog
1874,845397057150107648,Dog
1875,845677943972139009,Dog
1876,845812042753855489,MaybeDog
1877,846042936437604353,Dog
1878,846153765933735936,Dog
1879,846514051647705089,Dog
1880,846874817362120707,Dog
1881,847116187444137987,MaybeDog
1882,847157206088847362,Dog
1883,847251039262605312,Dog
1884,847606175596138505,MaybeDog
1885,847842811428974592,Dog
1886,847962785489326080,NotDog
1887,847971574464610304,NotDog
1888,848212111729840128,MaybeDog
1889,848324959059550208,Dog
1890,848690551926992896,Dog
1891,849051919805034497,NotDog
1892,849336543269576704,NotDog
1893,849412302885593088,MaybeDog
1894,849776966551130114,MaybeDog
1895,850019790995546112,Dog
1896,850145622816686080,MaybeDog
1897,850380195714523136,Dog
1898,850753642995093505,Dog
1899,851224888060895234,MaybeDog
1900,851464819735769094,NotDog
1901,851591660324737024,Dog
1902,851861385021730816,NotDog
1903,851953902622658560,Dog
1904,852189679701164033,MaybeDog
1905,852226086759018497,NotDog
1906,852311364735569921,NotDog
1907,852553447878664193,Dog
1908,852672615818899456,Dog
1909,852912242202992640,Dog
1910,853299958564483072,NotDog
1911,853639147608842240,Dog
1912,853760880890318849,Dog
1913,854010172552949760,Dog
1914,854120357044912130,Dog
1915,854365224396361728,Dog
1916,854482394044301312,Dog
1917,854732716440526848,Dog
1918,855459453768019968,Dog
1919,855851453814013952,Dog
1920,856282028240666624,Dog
1921,856526610513747968,Dog
1922,856543823941562368,MaybeDog
1923,857029823797047296,Dog
1924,857263160327368704,Dog
1925,857393404942143489,Dog
1926,857746408056729600,Dog
1927,857989990357356544,Dog
1928,858107933456039936,MaybeDog
1929,858471635011153920,Dog
1930,858843525470990336,Dog
1931,859074603037188101,NotDog
1932,859196978902773760,MaybeDog
1933,859607811541651456,Dog
1934,859851578198683649,Dog
1935,859924526012018688,MaybeDog
1936,860184849394610176,NotDog
1937,860276583193509888,NotDog
1938,860524505164394496,Dog
1939,860563773140209665,Dog
1940,860924035999428608,NotDog
1941,861005113778896900,MaybeDog
1942,861288531465048066,MaybeDog
1943,861383897657036800,Dog
1944,861769973181624320,MaybeDog
1945,862096992088072192,Dog
1946,862457590147678208,NotDog
1947,862722525377298433,Dog
1948,862831371563274240,Dog
1949,863062471531167744,Dog
1950,863079547188785154,MaybeDog
1951,863432100342583297,Dog
1952,863553081350529029,Dog
1953,863907417377173506,NotDog
1954,864197398364647424,Dog
1955,864279568663928832,Dog
1956,864873206498414592,NotDog
1957,865006731092295680,Dog
1958,865359393868664832,Dog
1959,865718153858494464,Dog
1960,866334964761202691,Dog
1961,866450705531457537,Dog
1962,866686824827068416,Dog
1963,867051520902168576,Dog
1964,867072653475098625,Dog
1965,867421006826221569,Dog
1966,867774946302451713,Dog
1967,867900495410671616,Dog
1968,868552278524837888,Dog
1969,868622495443632128,Dog
1970,868880397819494401,MaybeDog
1971,869227993411051520,Dog
1972,869596645499047938,MaybeDog
1973,869702957897576449,Dog
1974,869772420881756160,Dog
1975,870063196459192321,NotDog
1976,870308999962521604,Dog
1977,870374049280663552,Dog
1978,870656317836468226,Dog
1979,870804317367881728,NotDog
1980,871032628920680449,MaybeDog
1981,871515927908634625,MaybeDog
1982,871762521631449091,Dog
1983,871879754684805121,Dog
1984,872122724285648897,MaybeDog
1985,872261713294495745,Dog
1986,872486979161796608,Dog
1987,872620804844003328,Dog
1988,872820683541237760,Dog
1989,872967104147763200,Dog
1990,873213775632977920,Dog
1991,873580283840344065,Dog
1992,873697596434513921,MaybeDog
1993,874012996292530176,Dog
1994,874057562936811520,Dog
1995,874296783580663808,Dog
1996,874680097055178752,Dog
1997,875021211251597312,Dog
1998,875144289856114688,MaybeDog
1999,875747767867523072,Dog
2000,876120275196170240,Dog
2001,876484053909872640,Dog
2002,876838120628539392,Dog
2003,877201837425926144,Dog
2004,877316821321428993,Dog
2005,877556246731214848,MaybeDog
2006,877611172832227328,Dog
2007,877736472329191424,Dog
2008,878057613040115712,Dog
2009,878281511006478336,Dog
2010,878776093423087618,Dog
2011,879008229531029506,Dog
2012,879050749262655488,NotDog
2013,879376492567855104,MaybeDog
2014,879415818425184262,Dog
2015,879492040517615616,MaybeDog
2016,879862464715927552,Dog
2017,880095782870896641,Dog
2018,880221127280381952,MaybeDog
2019,880465832366813184,Dog
2020,880872448815771648,Dog
2021,880935762899988482,NotDog
2022,881268444196462592,NotDog
2023,881536004380872706,MaybeDog
2024,881666595344535552,Dog
2025,881906580714921986,MaybeDog
2026,882045870035918850,MaybeDog
2027,882268110199369728,Dog
2028,882627270321602560,Dog
2029,882762694511734784,Dog
2030,882992080364220416,MaybeDog
2031,883117836046086144,Dog
2032,883360690899218434,Dog
2033,883482846933004288,Dog
2034,883838122936631299,Dog
2035,884162670584377345,Dog
2036,884441805382717440,Dog
2037,884562892145688576,Dog
2038,884876753390489601,Dog
2039,884925521741709313,Dog
2040,885167619883638784,Dog
2041,885311592912609280,MaybeDog
2042,885528943205470208,Dog
2043,885984800019947520,Dog
2044,886258384151887873,MaybeDog
2045,886366144734445568,Dog
2046,886680336477933568,NotDog
2047,886736880519319552,Dog
2048,886983233522544640,MaybeDog
2049,887101392804085760,Dog
2050,887343217045368832,MaybeDog
2051,887473957103951883,Dog
2052,887517139158093824,NotDog
2053,887705289381826560,Dog
2054,888078434458587136,Dog
2055,888202515573088257,Dog
2056,888554962724278272,Dog
2057,888804989199671297,Dog
2058,888917238123831296,Dog
2059,889278841981685760,Dog
2060,889531135344209921,Dog
2061,889638837579907072,Dog
2062,889665388333682689,Dog
2063,889880896479866881,MaybeDog
2064,890006608113172480,Dog
2065,890240255349198849,Dog
2066,890609185150312448,Dog
2067,890729181411237888,Dog
2068,890971913173991426,MaybeDog
2069,891087950875897856,MaybeDog
2070,891327558926688256,Dog
2071,891689557279858688,MaybeDog
2072,891815181378084864,Dog
2073,892177421306343426,Dog
2074,892420643555336193,NotDog
